[
  {
    "Id": "12fa3b12-42f8-49f0-a06d-215c5cc16ef4",
    "Name": "玩具風車",
    "Rank": 1,
    "Price": -1,
    "Atk": 5,
    "Def": 0,
    "UseTimes": -1,
    "Element": 3,
    "Type": 1,
    "HP": 0,
    "Ability": 0,
    "DropRate": 0.3
  },
  {
    "Id": "c3f41bc3-baf5-453e-8154-57501e32c67a",
    "Name": "破損風之騎士的盔甲",
    "Rank": 1,
    "Price": -1,
    "Atk": 0,
    "Def": 1,
    "UseTimes": -1,
    "Element": 3,
    "Type": 2,
    "HP": 0,
    "Ability": 0,
    "DropRate": 0.3
  },
  {
    "Id": "f3b24a3b-69b0-44d4-b4df-6b21fbeae8ef",
    "Name": "破損風之騎士的護盾",
    "Rank": 1,
    "Price": -1,
    "Atk": 0,
    "Def": 2,
    "UseTimes": -1,
    "Element": 3,
    "Type": 6,
    "HP": 0,
    "Ability": 0,
    "DropRate": 0.3
  },
  {
    "Id": "3309c40b-5199-46c0-a5a7-04b175be8a8d",
    "Name": "破損風之騎士的鞋",
    "Rank": 1,
    "Price": -1,
    "Atk": 0,
    "Def": 0,
    "UseTimes": -1,
    "Element": 3,
    "Type": 5,
    "HP": 5,
    "Ability": 0,
    "DropRate": 0.3
  },
  {
    "Id": "24a57202-228d-45e6-ba0b-83263e2a221d",
    "Name": "水槍",
    "Rank": 1,
    "Price": -1,
    "Atk": 5,
    "Def": 0,
    "UseTimes": -1,
    "Element": 5,
    "Type": 1,
    "HP": 0,
    "Ability": 0,
    "DropRate": 0.3
  },
  {
    "Id": "c0c348d4-fe52-4813-9ced-cb04238c67d6",
    "Name": "性感破爛古老比基尼",
    "Rank": 1,
    "Price": -1,
    "Atk": 0,
    "Def": 1,
    "UseTimes": -1,
    "Element": 5,
    "Type": 2,
    "HP": 0,
    "Ability": 0,
    "DropRate": 0.3
  },
  {
    "Id": "37921e14-f40c-4134-a71e-8c66256af7ca",
    "Name": "水母盾",
    "Rank": 1,
    "Price": -1,
    "Atk": 0,
    "Def": 2,
    "UseTimes": -1,
    "Element": 5,
    "Type": 6,
    "HP": 0,
    "Ability": 0,
    "DropRate": 0.3
  },
  {
    "Id": "0c97eddf-8cc7-4211-9912-a06b6d4f8d54",
    "Name": "廢棄古老蛙鞋",
    "Rank": 1,
    "Price": -1,
    "Atk": 0,
    "Def": 0,
    "UseTimes": -1,
    "Element": 5,
    "Type": 5,
    "HP": 5,
    "Ability": 0,
    "DropRate": 0.3
  },
  {
    "Id": "e2cc950a-d4f0-4cc7-afee-5a9f30be58da",
    "Name": "火焰長槍",
    "Rank": 1,
    "Price": -1,
    "Atk": 5,
    "Def": 0,
    "UseTimes": -1,
    "Element": 2,
    "Type": 1,
    "HP": 0,
    "Ability": 0,
    "DropRate": 0.3
  },
  {
    "Id": "182a25ee-4e4e-4feb-9ee8-f8f39b0f49dc",
    "Name": "燒焦的樹葉",
    "Rank": 1,
    "Price": -1,
    "Atk": 0,
    "Def": 1,
    "UseTimes": -1,
    "Element": 2,
    "Type": 2,
    "HP": 0,
    "Ability": 0,
    "DropRate": 0.3
  },
  {
    "Id": "93962fd3-de09-4464-a154-7004468b7ea5",
    "Name": "火焰盾魔法書",
    "Rank": 1,
    "Price": -1,
    "Atk": 0,
    "Def": 2,
    "UseTimes": -1,
    "Element": 2,
    "Type": 6,
    "HP": 0,
    "Ability": 0,
    "DropRate": 0.3
  },
  {
    "Id": "860149f8-5615-432e-84c8-a928969f8464",
    "Name": "鞋灰",
    "Rank": 1,
    "Price": -1,
    "Atk": 0,
    "Def": 0,
    "UseTimes": -1,
    "Element": 2,
    "Type": 5,
    "HP": 5,
    "Ability": 0,
    "DropRate": 0.3
  },
  {
    "Id": "24e43db1-59b2-4efa-b485-22aa86d97829",
    "Name": "碎石",
    "Rank": 1,
    "Price": -1,
    "Atk": 5,
    "Def": 0,
    "UseTimes": -1,
    "Element": 4,
    "Type": 1,
    "HP": 0,
    "Ability": 0,
    "DropRate": 0.3
  },
  {
    "Id": "24e43db1-59b2-4efa-b485-22aa86d97829",
    "Name": "碎石",
    "Rank": 1,
    "Price": -1,
    "Atk": 5,
    "Def": 0,
    "UseTimes": -1,
    "Element": 4,
    "Type": 1,
    "HP": 0,
    "Ability": 0,
    "DropRate": 0.3
  },
  {
    "Id": "6f42d1a4-d664-49d0-96b2-d1582936b9f9",
    "Name": "沙甲",
    "Rank": 1,
    "Price": -1,
    "Atk": 0,
    "Def": 1,
    "UseTimes": -1,
    "Element": 4,
    "Type": 2,
    "HP": 0,
    "Ability": 0,
    "DropRate": 0.3
  },
  {
    "Id": "1cb97d29-c89b-4c58-8a22-0649046c4e9b",
    "Name": "沙盾",
    "Rank": 1,
    "Price": -1,
    "Atk": 0,
    "Def": 2,
    "UseTimes": -1,
    "Element": 4,
    "Type": 6,
    "HP": 0,
    "Ability": 0,
    "DropRate": 0.3
  },
  {
    "Id": "e154a7fa-0fa6-471e-9a57-b8025f7ac226",
    "Name": "沙鞋",
    "Rank": 1,
    "Price": -1,
    "Atk": 0,
    "Def": 0,
    "UseTimes": -1,
    "Element": 4,
    "Type": 5,
    "HP": 5,
    "Ability": 0,
    "DropRate": 0.3
  },
  {
    "Id": "bf0385dd-cb76-41e3-b4ef-79917b478872",
    "Name": "恢復藥水（Ultra mini）",
    "Rank": 1,
    "Price": 20,
    "Atk": 0,
    "Def": 0,
    "UseTimes": 2,
    "Element": 6,
    "Type": 0,
    "HP": 5,
    "Ability": 0,
    "DropRate": 0.3
  },
  {
    "Id": "1cd34e8b-7cb3-4b84-b3dc-2b21169fa57c",
    "Name": "大風車",
    "Rank": 1,
    "Price": 30,
    "Atk": 6,
    "Def": 0,
    "UseTimes": -1,
    "Element": 3,
    "Type": 1,
    "HP": 0,
    "Ability": 0,
    "DropRate": 0.3
  },
  {
    "Id": "4daadf54-e474-4541-95e5-687a677e734d",
    "Name": "風之騎士的護甲",
    "Rank": 1,
    "Price": 12,
    "Atk": 0,
    "Def": 2,
    "UseTimes": -1,
    "Element": 3,
    "Type": 2,
    "HP": 0,
    "Ability": 0,
    "DropRate": 0.3
  },
  {
    "Id": "126eb00f-196a-4729-a04c-94d006d8a827",
    "Name": "風之騎士的護盾",
    "Rank": 1,
    "Price": 20,
    "Atk": 0,
    "Def": 2,
    "UseTimes": -1,
    "Element": 3,
    "Type": 6,
    "HP": 0,
    "Ability": 0,
    "DropRate": 0.3
  },
  {
    "Id": "06addfb0-ccd1-4f46-af44-f6d1c62c3a27",
    "Name": "風之騎士的鞋",
    "Rank": 1,
    "Price": 18,
    "Atk": 0,
    "Def": 0,
    "UseTimes": -1,
    "Element": 3,
    "Type": 5,
    "HP": 5,
    "Ability": 0,
    "DropRate": 0.3
  },
  {
    "Id": "8472ef36-f72b-4629-a059-6e2b90f3d9ae",
    "Name": "高壓水槍",
    "Rank": 1,
    "Price": 30,
    "Atk": 6,
    "Def": 0,
    "UseTimes": -1,
    "Element": 5,
    "Type": 1,
    "HP": 0,
    "Ability": 0,
    "DropRate": 0.3
  },
  {
    "Id": "35683aff-5526-405f-9510-9347f094c403",
    "Name": "性感沙灘比基尼",
    "Rank": 1,
    "Price": 12,
    "Atk": 0,
    "Def": 2,
    "UseTimes": -1,
    "Element": 5,
    "Type": 2,
    "HP": 0,
    "Ability": 0,
    "DropRate": 0.3
  },
  {
    "Id": "72c3153e-efb9-4900-a442-7d7ca11b5e4c",
    "Name": "加大軟綿綿水母盾",
    "Rank": 1,
    "Price": 20,
    "Atk": 0,
    "Def": 2,
    "UseTimes": -1,
    "Element": 5,
    "Type": 6,
    "HP": 0,
    "Ability": 0,
    "DropRate": 0.3
  },
  {
    "Id": "e40f957a-5c62-4196-99ab-cbb12ca5597d",
    "Name": "新穎蛙鞋",
    "Rank": 1,
    "Price": 18,
    "Atk": 0,
    "Def": 0,
    "UseTimes": -1,
    "Element": 5,
    "Type": 5,
    "HP": 5,
    "Ability": 0,
    "DropRate": 0.3
  },
  {
    "Id": "8396a14b-457b-4e50-b5eb-755589b0dd0e",
    "Name": "熾熱火焰長槍",
    "Rank": 1,
    "Price": 30,
    "Atk": 6,
    "Def": 0,
    "UseTimes": -1,
    "Element": 2,
    "Type": 1,
    "HP": 0,
    "Ability": 0,
    "DropRate": 0.3
  },
  {
    "Id": "de4a6258-cdc1-49cd-a16a-147991d01033",
    "Name": "初級火焰魔法師之袍",
    "Rank": 1,
    "Price": 12,
    "Atk": 0,
    "Def": 2,
    "UseTimes": -1,
    "Element": 2,
    "Type": 2,
    "HP": 0,
    "Ability": 0,
    "DropRate": 0.3
  },
  {
    "Id": "4d525626-bc9a-472c-96ad-5cf7843fd4f0",
    "Name": "初級火焰盾魔法書",
    "Rank": 1,
    "Price": 20,
    "Atk": 0,
    "Def": 2,
    "UseTimes": -1,
    "Element": 2,
    "Type": 6,
    "HP": 0,
    "Ability": 0,
    "DropRate": 0.3
  },
  {
    "Id": "c6d03fe1-024b-4993-864b-1e4bbd0dd708",
    "Name": "初級火焰魔法師之鞋",
    "Rank": 1,
    "Price": 18,
    "Atk": 0,
    "Def": 0,
    "UseTimes": -1,
    "Element": 2,
    "Type": 5,
    "HP": 5,
    "Ability": 0,
    "DropRate": 0.3
  },
  {
    "Id": "cb0fea6e-25e4-49f5-8ace-fbf816571e46",
    "Name": "石頭",
    "Rank": 1,
    "Price": 30,
    "Atk": 6,
    "Def": 0,
    "UseTimes": -1,
    "Element": 4,
    "Type": 1,
    "HP": 0,
    "Ability": 0,
    "DropRate": 0.3
  },
  {
    "Id": "84f1574b-2b82-4271-9065-ad44da733820",
    "Name": "岩石護甲",
    "Rank": 1,
    "Price": 12,
    "Atk": 0,
    "Def": 2,
    "UseTimes": -1,
    "Element": 4,
    "Type": 2,
    "HP": 0,
    "Ability": 0,
    "DropRate": 0.3
  },
  {
    "Id": "47d02fd4-48d6-463b-8cc8-4b98610565ef",
    "Name": "岩石護盾",
    "Rank": 1,
    "Price": 20,
    "Atk": 0,
    "Def": 2,
    "UseTimes": -1,
    "Element": 4,
    "Type": 6,
    "HP": 0,
    "Ability": 0,
    "DropRate": 0.3
  },
  {
    "Id": "5213b706-982a-4a78-9f07-8e347000a752",
    "Name": "岩石鞋",
    "Rank": 1,
    "Price": 18,
    "Atk": 0,
    "Def": 0,
    "UseTimes": -1,
    "Element": 4,
    "Type": 5,
    "HP": 5,
    "Ability": 0,
    "DropRate": 0.3
  }
]