﻿[
  {
    "Id": "07c2d303-fbae-425c-8d6e-80bf71d85ebd",
    "Name": "吹風筒頭",
    "Rank": 2,
    "Price": -1,
    "Atk": 6,
    "Def": 1,
    "UseTimes": -1,
    "Element": 3,
    "Type": 1,
    "HP": 0,
    "Ability": 0,
    "DropRate": 0.3
  },
  {
    "Id": "d0160efe-cdc3-4652-b393-ab07c5319dd5",
    "Name": "吹風筒的機身",
    "Rank": 2,
    "Price": -1,
    "Atk": 0,
    "Def": 3,
    "UseTimes": -1,
    "Element": 3,
    "Type": 2,
    "HP": 0,
    "Ability": 0,
    "DropRate": 0.3
  },
  {
    "Id": "84cd2a6c-61c8-4d71-b80a-25d348c212da",
    "Name": "吹風筒的插頭",
    "Rank": 2,
    "Price": -1,
    "Atk": 0,
    "Def": 3,
    "UseTimes": -1,
    "Element": 3,
    "Type": 6,
    "HP": 0,
    "Ability": 0,
    "DropRate": 0.3
  },
  {
    "Id": "0fda4a20-a9f3-45ca-b1cc-da36419529dc",
    "Name": "吹風筒的開關",
    "Rank": 2,
    "Price": -1,
    "Atk": 0,
    "Def": 0,
    "UseTimes": -1,
    "Element": 3,
    "Type": 5,
    "HP": 10,
    "Ability": 0,
    "DropRate": 0.3
  },
  {
    "Id": "36ac56b4-1310-48ce-91db-403cd0d36331",
    "Name": "高射水炮",
    "Rank": 2,
    "Price": -1,
    "Atk": 7,
    "Def": 0,
    "UseTimes": -1,
    "Element": 5,
    "Type": 1,
    "HP": 5,
    "Ability": 0,
    "DropRate": 0.3
  },
  {
    "Id": "aa3bce33-d31c-4f55-a354-b3ca4d7d1572",
    "Name": "水袋護甲",
    "Rank": 2,
    "Price": -1,
    "Atk": 1,
    "Def": 3,
    "UseTimes": -1,
    "Element": 5,
    "Type": 2,
    "HP": 5,
    "Ability": 0,
    "DropRate": 0.3
  },
  {
    "Id": "da10d407-c484-4ac4-b01c-aa9ed1ffc187",
    "Name": "暖袋盾",
    "Rank": 2,
    "Price": -1,
    "Atk": 0,
    "Def": 3,
    "UseTimes": -1,
    "Element": 5,
    "Type": 6,
    "HP": 0,
    "Ability": 0,
    "DropRate": 0.3
  },
  {
    "Id": "64be9422-691d-4c1d-a794-d8dfae2f6b5b",
    "Name": "水母鞋",
    "Rank": 2,
    "Price": -1,
    "Atk": 0,
    "Def": 0,
    "UseTimes": -1,
    "Element": 5,
    "Type": 5,
    "HP": 15,
    "Ability": 0,
    "DropRate": 0.3
  },
  {
    "Id": "523d7a78-c812-4a2d-816c-039c4c21b4b8",
    "Name": "火杖",
    "Rank": 2,
    "Price": -1,
    "Atk": 7,
    "Def": 0,
    "UseTimes": -1,
    "Element": 2,
    "Type": 1,
    "HP": 0,
    "Ability": 0,
    "DropRate": 0.3
  },
  {
    "Id": "f4141847-c761-4f4c-b904-9f3fa063155c",
    "Name": "火焰飛彈護甲",
    "Rank": 2,
    "Price": -1,
    "Atk": 1,
    "Def": 3,
    "UseTimes": -1,
    "Element": 2,
    "Type": 2,
    "HP": 0,
    "Ability": 0,
    "DropRate": 0.3
  },
  {
    "Id": "35a5f16d-764e-4718-b421-a9c4cf063f8b",
    "Name": "火焰墻魔法書",
    "Rank": 2,
    "Price": -1,
    "Atk": 1,
    "Def": 2,
    "UseTimes": -1,
    "Element": 2,
    "Type": 6,
    "HP": 0,
    "Ability": 0,
    "DropRate": 0.3
  },
  {
    "Id": "3760fc82-11d4-4583-bf2a-fb8f6408df1c",
    "Name": "火焰鞋",
    "Rank": 2,
    "Price": -1,
    "Atk": 1,
    "Def": 0,
    "UseTimes": -1,
    "Element": 2,
    "Type": 5,
    "HP": 10,
    "Ability": 0,
    "DropRate": 0.3
  },
  {
    "Id": "545800cb-3204-4319-967b-fdf11ebf3c29",
    "Name": "卡係石頭入面的劍",
    "Rank": 2,
    "Price": -1,
    "Atk": 6,
    "Def": 1,
    "UseTimes": -1,
    "Element": 4,
    "Type": 1,
    "HP": 0,
    "Ability": 0,
    "DropRate": 0.3
  },
  {
    "Id": "2e22e334-7334-462b-ba26-745f0fc11f94",
    "Name": "硬化生鏽護甲",
    "Rank": 2,
    "Price": -1,
    "Atk": 0,
    "Def": 3,
    "UseTimes": -1,
    "Element": 4,
    "Type": 2,
    "HP": 0,
    "Ability": 0,
    "DropRate": 0.3
  },
  {
    "Id": "91246f3b-c316-44a5-8c16-bab21e071c21",
    "Name": "硬化生鏽護盾",
    "Rank": 2,
    "Price": -1,
    "Atk": 0,
    "Def": 3,
    "UseTimes": -1,
    "Element": 4,
    "Type": 6,
    "HP": 0,
    "Ability": 0,
    "DropRate": 0.3
  },
  {
    "Id": "b848b83e-d5d3-4373-810b-6c794ded636c",
    "Name": "硬化生鏽鞋",
    "Rank": 2,
    "Price": -1,
    "Atk": 0,
    "Def": 1,
    "UseTimes": -1,
    "Element": 4,
    "Type": 5,
    "HP": 10,
    "Ability": 0,
    "DropRate": 0.3
  },
  {
    "Id": "542d2a56-f228-415c-afe6-af5d021799cb",
    "Name": "神聖聖光",
    "Rank": 2,
    "Price": -1,
    "Atk": 8,
    "Def": 0,
    "UseTimes": -1,
    "Element": 0,
    "Type": 1,
    "HP": 0,
    "Ability": 0,
    "DropRate": 0.3
  },
  {
    "Id": "d6055cdd-dcd0-485c-992b-0c287e61f83b",
    "Name": "神聖馬賽克",
    "Rank": 2,
    "Price": -1,
    "Atk": 0,
    "Def": 3,
    "UseTimes": -1,
    "Element": 0,
    "Type": 2,
    "HP": 0,
    "Ability": 0,
    "DropRate": 0.3
  },
  {
    "Id": "e182999c-8e48-4ddc-af47-438c6c60531c",
    "Name": "神聖黑條",
    "Rank": 2,
    "Price": -1,
    "Atk": 0,
    "Def": 3,
    "UseTimes": -1,
    "Element": 0,
    "Type": 6,
    "HP": 0,
    "Ability": 0,
    "DropRate": 0.3
  },
  {
    "Id": "955d003f-e34a-4697-87d3-c4e0fa72baf6",
    "Name": "神聖之鞋",
    "Rank": 2,
    "Price": -1,
    "Atk": 0,
    "Def": 2,
    "UseTimes": -1,
    "Element": 0,
    "Type": 5,
    "HP": 15,
    "Ability": 0,
    "DropRate": 0.3
  },
  {
    "Id": "e88536a9-7b91-46f0-b926-4e02b272ba2a",
    "Name": "詛咒之弓",
    "Rank": 2,
    "Price": -1,
    "Atk": 8,
    "Def": 0,
    "UseTimes": -1,
    "Element": 1,
    "Type": 1,
    "HP": 0,
    "Ability": 0,
    "DropRate": 0.3
  },
  {
    "Id": "9eeff985-10f9-4316-80be-7234ea781720",
    "Name": "詛咒之甲",
    "Rank": 2,
    "Price": -1,
    "Atk": 0,
    "Def": 3,
    "UseTimes": -1,
    "Element": 1,
    "Type": 2,
    "HP": 0,
    "Ability": 0,
    "DropRate": 0.3
  },
  {
    "Id": "f72ae06b-fec7-4d97-9931-36de61a389ec",
    "Name": "詛咒之盾",
    "Rank": 2,
    "Price": -1,
    "Atk": 0,
    "Def": 3,
    "UseTimes": -1,
    "Element": 1,
    "Type": 6,
    "HP": 0,
    "Ability": 0,
    "DropRate": 0.3
  },
  {
    "Id": "ec59fa1c-ac58-4133-9599-c3930ca20d08",
    "Name": "詛咒之鞋",
    "Rank": 2,
    "Price": -1,
    "Atk": 0,
    "Def": 2,
    "UseTimes": -1,
    "Element": 1,
    "Type": 5,
    "HP": 15,
    "Ability": 0,
    "DropRate": 0.3
  },
  {
    "Id": "320b1f0e-0d12-43ed-be28-b9b420829449",
    "Name": "風繼續吹之弓",
    "Rank": 2,
    "Price": 50,
    "Atk": 7,
    "Def": 2,
    "UseTimes": -1,
    "Element": 3,
    "Type": 1,
    "HP": 0,
    "Ability": 0,
    "DropRate": 0.3
  },
  {
    "Id": "09ac2b19-7923-4e6f-91f9-e79ae867597b",
    "Name": "泡泡炸彈",
    "Rank": 2,
    "Price": 50,
    "Atk": 8,
    "Def": 0,
    "UseTimes": -1,
    "Element": 5,
    "Type": 1,
    "HP": 5,
    "Ability": 0,
    "DropRate": 0.3
  },
  {
    "Id": "a38e7436-1406-4083-aa82-517ec9da2386",
    "Name": "DD炸彈",
    "Rank": 2,
    "Price": 50,
    "Atk": 9,
    "Def": 0,
    "UseTimes": -1,
    "Element": 2,
    "Type": 1,
    "HP": 0,
    "Ability": 0,
    "DropRate": 0.3
  },
  {
    "Id": "6645d11f-ee45-4115-844d-4be9352ab5b4",
    "Name": "肝硬化",
    "Rank": 2,
    "Price": 50,
    "Atk": 5,
    "Def": 5,
    "UseTimes": -1,
    "Element": 4,
    "Type": 1,
    "HP": -5,
    "Ability": 0,
    "DropRate": 0.3
  }
]