﻿[

  {
    "Id": "338ea078-8c31-4c50-a1a4-61ab74e283a7",
    "Name": "放屁洩氣弓",
    "Rank": 3,
    "Price": -1,
    "Atk": 7,
    "Def": 2,
    "UseTimes": -1,
    "Element": 3,
    "Type": 1,
    "HP": 0,
    "Ability": 0,
    "DropRate": 0.3
  },
  {
    "Id": "20d64912-6bfb-4710-89fd-0adc5c699474",
    "Name": "狐臭Debuff裝甲",
    "Rank": 3,
    "Price": -1,
    "Atk": 0,
    "Def": 3,
    "UseTimes": -1,
    "Element": 3,
    "Type": 2,
    "HP": 5,
    "Ability": 0,
    "DropRate": 0.3
  },
  {
    "Id": "d9e69bf2-1346-4cb4-83e6-adb991a8c064",
    "Name": "口臭Debuff圓盾",
    "Rank": 3,
    "Price": -1,
    "Atk": 0,
    "Def": 3,
    "UseTimes": -1,
    "Element": 3,
    "Type": 6,
    "HP": 5,
    "Ability": 0,
    "DropRate": 0.3
  },
  {
    "Id": "bc499d7f-af31-4776-9189-34bad2018cef",
    "Name": "腳臭Debuff鞋",
    "Rank": 3,
    "Price": -1,
    "Atk": 0,
    "Def": 0,
    "UseTimes": -1,
    "Element": 3,
    "Type": 5,
    "HP": 15,
    "Ability": 0,
    "DropRate": 0.3
  },
  {
    "Id": "1ea004fc-c208-42db-862f-2e0efdb512b8",
    "Name": "激烈的海膽",
    "Rank": 3,
    "Price": -1,
    "Atk": 8,
    "Def": 0,
    "UseTimes": -1,
    "Element": 5,
    "Type": 1,
    "HP": 5,
    "Ability": 0,
    "DropRate": 0.3
  },
  {
    "Id": "48d9b01d-17bf-41ec-9df7-3d5c8f2c4bfc",
    "Name": "激烈的泳裝",
    "Rank": 3,
    "Price": -1,
    "Atk": 0,
    "Def": 4,
    "UseTimes": -1,
    "Element": 5,
    "Type": 2,
    "HP": 5,
    "Ability": 0,
    "DropRate": 0.3
  },
  {
    "Id": "35d9e42d-f494-4e68-ae35-fdb870700d20",
    "Name": "激烈的滑板",
    "Rank": 3,
    "Price": -1,
    "Atk": 0,
    "Def": 4,
    "UseTimes": -1,
    "Element": 5,
    "Type": 6,
    "HP": 0,
    "Ability": 0,
    "DropRate": 0.3
  },
  {
    "Id": "cd6c389d-1bde-4d55-92ed-8bbdeb8d36d7",
    "Name": "激烈的沙灘鞋",
    "Rank": 3,
    "Price": -1,
    "Atk": 0,
    "Def": 0,
    "UseTimes": -1,
    "Element": 5,
    "Type": 5,
    "HP": 25,
    "Ability": 0,
    "DropRate": 0.3
  },
  {
    "Id": "465b3daf-0842-46b6-ac74-404758432626",
    "Name": "火車原子彈",
    "Rank": 3,
    "Price": -1,
    "Atk": 9,
    "Def": 0,
    "UseTimes": -1,
    "Element": 2,
    "Type": 1,
    "HP": 0,
    "Ability": 0,
    "DropRate": 0.3
  },
  {
    "Id": "229e3d2a-282e-4b31-9df4-4ec9548fd879",
    "Name": "火車車身",
    "Rank": 3,
    "Price": -1,
    "Atk": 2,
    "Def": 3,
    "UseTimes": -1,
    "Element": 2,
    "Type": 2,
    "HP": 0,
    "Ability": 0,
    "DropRate": 0.3
  },
  {
    "Id": "f293d91b-4b43-477d-9eac-ff4ed3188d75",
    "Name": "火車門",
    "Rank": 3,
    "Price": -1,
    "Atk": 1,
    "Def": 3,
    "UseTimes": -1,
    "Element": 2,
    "Type": 6,
    "HP": 0,
    "Ability": 0,
    "DropRate": 0.3
  },
  {
    "Id": "271d125b-842c-4b5d-b551-b724b40e039f",
    "Name": "火車車輪",
    "Rank": 3,
    "Price": -1,
    "Atk": 1,
    "Def": 0,
    "UseTimes": -1,
    "Element": 2,
    "Type": 5,
    "HP": 15,
    "Ability": 0,
    "DropRate": 0.3
  },
  {
    "Id": "32572f3a-3cd2-454c-9202-6cea6ddf61c0",
    "Name": "硬化漢堡包麵包",
    "Rank": 3,
    "Price": -1,
    "Atk": 7,
    "Def": 4,
    "UseTimes": -1,
    "Element": 4,
    "Type": 1,
    "HP": 0,
    "Ability": 0,
    "DropRate": 0.3
  },
  {
    "Id": "d4fad25e-ccb2-438c-8aff-51191bc1fb87",
    "Name": "漢堡包硬化袋",
    "Rank": 3,
    "Price": -1,
    "Atk": 0,
    "Def": 4,
    "UseTimes": -1,
    "Element": 4,
    "Type": 2,
    "HP": 0,
    "Ability": 0,
    "DropRate": 0.3
  },
  {
    "Id": "b0338a4b-df01-4b5c-a520-47973e6a1ef3",
    "Name": "漢堡包硬化肉餅",
    "Rank": 3,
    "Price": -1,
    "Atk": 0,
    "Def": 4,
    "UseTimes": -1,
    "Element": 4,
    "Type": 6,
    "HP": 0,
    "Ability": 0,
    "DropRate": 0.3
  },
  {
    "Id": "6ff2339e-af46-400a-b179-91cbfa76c510",
    "Name": "漢堡包硬化蔬菜",
    "Rank": 3,
    "Price": -1,
    "Atk": 0,
    "Def": 3,
    "UseTimes": -1,
    "Element": 4,
    "Type": 5,
    "HP": 20,
    "Ability": 0,
    "DropRate": 0.3
  },
  {
    "Id": "39cd53ee-a2e1-4851-95e0-fa1f509ce866",
    "Name": "女神的警告",
    "Rank": 3,
    "Price": -1,
    "Atk": 10,
    "Def": 0,
    "UseTimes": -1,
    "Element": 0,
    "Type": 1,
    "HP": 0,
    "Ability": 0,
    "DropRate": 0.3
  },
  {
    "Id": "29f04072-8971-49ab-b03d-5755455c2781",
    "Name": "女神的庇護",
    "Rank": 3,
    "Price": -1,
    "Atk": 0,
    "Def": 4,
    "UseTimes": -1,
    "Element": 0,
    "Type": 2,
    "HP": 0,
    "Ability": 0,
    "DropRate": 0.3
  },
  {
    "Id": "92db26d1-5725-47a8-bcff-68728c27861f",
    "Name": "女神的懲罰",
    "Rank": 3,
    "Price": -1,
    "Atk": 0,
    "Def": 4,
    "UseTimes": -1,
    "Element": 0,
    "Type": 6,
    "HP": 0,
    "Ability": 0,
    "DropRate": 0.3
  },
  {
    "Id": "36f75d4e-e49d-4cde-975a-9331023f3fcc",
    "Name": "女神的治愈",
    "Rank": 3,
    "Price": -1,
    "Atk": 0,
    "Def": 2,
    "UseTimes": -1,
    "Element": 0,
    "Type": 5,
    "HP": 30,
    "Ability": 0,
    "DropRate": 0.3
  },
  {
    "Id": "f4e5a787-5286-4199-baff-716f3c5e5ee0",
    "Name": "暗影匕首",
    "Rank": 3,
    "Price": -1,
    "Atk": 10,
    "Def": 0,
    "UseTimes": -1,
    "Element": 1,
    "Type": 1,
    "HP": 0,
    "Ability": 0,
    "DropRate": 0.3
  },
  {
    "Id": "d031dae3-5e43-4c0b-a1da-491c77c76ecd",
    "Name": "暗影披風",
    "Rank": 3,
    "Price": -1,
    "Atk": 0,
    "Def": 4,
    "UseTimes": -1,
    "Element": 1,
    "Type": 2,
    "HP": 0,
    "Ability": 0,
    "DropRate": 0.3
  },
  {
    "Id": "3dff562c-6483-4cee-9821-5f63dfb95abb",
    "Name": "暗影盾",
    "Rank": 3,
    "Price": -1,
    "Atk": 0,
    "Def": 4,
    "UseTimes": -1,
    "Element": 1,
    "Type": 6,
    "HP": 0,
    "Ability": 0,
    "DropRate": 0.3
  },
  {
    "Id": "bc488ee4-c623-485f-ae6c-b43c37f9be0c",
    "Name": "暗影鞋",
    "Rank": 3,
    "Price": -1,
    "Atk": 0,
    "Def": 2,
    "UseTimes": -1,
    "Element": 1,
    "Type": 5,
    "HP": 30,
    "Ability": 0,
    "DropRate": 0.3
  },
  {
    "Id": "5c798e70-4bf8-4cc8-bc94-275c9e98f200",
    "Name": "恢復藥水（Mini）",
    "Rank": 3,
    "Price": 50,
    "Atk": 0,
    "Def": 0,
    "UseTimes": 3,
    "Element": 6,
    "Type": 0,
    "HP": 10,
    "Ability": 0,
    "DropRate": 0.3
  },
  {
    "Id": "79a527ad-392a-4902-bf82-d0e14e7b65a8",
    "Name": "恢復藥水（Normal）",
    "Rank": 3,
    "Price": 100,
    "Atk": 0,
    "Def": 0,
    "UseTimes": 4,
    "Element": 6,
    "Type": 0,
    "HP": 15,
    "Ability": 0,
    "DropRate": 0.3
  },
  {
    "Id": "adcb15e9-1257-4373-838d-305aef3155d0",
    "Name": "裂變迴旋鏢",
    "Rank": 3,
    "Price": 150,
    "Atk": 9,
    "Def": 2,
    "UseTimes": -1,
    "Element": 3,
    "Type": 1,
    "HP": 0,
    "Ability": 0,
    "DropRate": 0.3
  },
  {
    "Id": "2983199f-4659-4a9b-a735-411be0a83b73",
    "Name": "旋風裝甲",
    "Rank": 3,
    "Price": 110,
    "Atk": 0,
    "Def": 5,
    "UseTimes": -1,
    "Element": 3,
    "Type": 2,
    "HP": 5,
    "Ability": 0,
    "DropRate": 0.3
  },
  {
    "Id": "ab1ac981-0963-42ef-a208-39319dfb2818",
    "Name": "旋風之翼",
    "Rank": 3,
    "Price": 120,
    "Atk": 0,
    "Def": 4,
    "UseTimes": -1,
    "Element": 3,
    "Type": 6,
    "HP": 5,
    "Ability": 0,
    "DropRate": 0.3
  },
  {
    "Id": "8832eb29-7926-46cd-a403-9c62b136d342",
    "Name": "旋風反重力鞋",
    "Rank": 3,
    "Price": 100,
    "Atk": 0,
    "Def": 0,
    "UseTimes": -1,
    "Element": 3,
    "Type": 5,
    "HP": 25,
    "Ability": 0,
    "DropRate": 0.3
  },
  {
    "Id": "b9832957-0912-4ab2-b887-3971c7689114",
    "Name": "針狙水球",
    "Rank": 3,
    "Price": 150,
    "Atk": 9,
    "Def": 0,
    "UseTimes": -1,
    "Element": 5,
    "Type": 1,
    "HP": 10,
    "Ability": 0,
    "DropRate": 0.3
  },
  {
    "Id": "40b32505-fc09-4c57-aacd-576fcc1893bc",
    "Name": "魔法師的長袍",
    "Rank": 3,
    "Price": 110,
    "Atk": 0,
    "Def": 5,
    "UseTimes": -1,
    "Element": 5,
    "Type": 2,
    "HP": 10,
    "Ability": 0,
    "DropRate": 0.3
  },
  {
    "Id": "16f34987-fa18-4ae6-9ad4-1c6775cab3a1",
    "Name": "魔法師之書",
    "Rank": 3,
    "Price": 120,
    "Atk": 0,
    "Def": 5,
    "UseTimes": -1,
    "Element": 5,
    "Type": 6,
    "HP": 0,
    "Ability": 0,
    "DropRate": 0.3
  },
  {
    "Id": "cae65500-e597-48b8-b774-87f85b2db844",
    "Name": "魔法師之鞋",
    "Rank": 3,
    "Price": 100,
    "Atk": 0,
    "Def": 0,
    "UseTimes": -1,
    "Element": 5,
    "Type": 5,
    "HP": 30,
    "Ability": 0,
    "DropRate": 0.3
  },
  {
    "Id": "ba4a5269-26c5-414c-8e5f-8f79a5438826",
    "Name": "異次元炎爆狙擊槍",
    "Rank": 3,
    "Price": 150,
    "Atk": 11,
    "Def": 0,
    "UseTimes": -1,
    "Element": 2,
    "Type": 1,
    "HP": 0,
    "Ability": 0,
    "DropRate": 0.3
  },
  {
    "Id": "5646b511-6664-4e36-be6b-bf22bf98100a",
    "Name": "異次元防護衫",
    "Rank": 3,
    "Price": 110,
    "Atk": 3,
    "Def": 3,
    "UseTimes": -1,
    "Element": 2,
    "Type": 2,
    "HP": 5,
    "Ability": 0,
    "DropRate": 0.3
  },
  {
    "Id": "e9264f4c-cab1-43de-9e04-e16d07e9f192",
    "Name": "異次元的戰鬥機械女僕",
    "Rank": 3,
    "Price": 120,
    "Atk": 3,
    "Def": 3,
    "UseTimes": -1,
    "Element": 2,
    "Type": 6,
    "HP": 5,
    "Ability": 0,
    "DropRate": 0.3
  },
  {
    "Id": "8c1eff5d-80bf-41f9-a581-ecdd4c4e99c8",
    "Name": "異次元瞬移裝置",
    "Rank": 3,
    "Price": 100,
    "Atk": 2,
    "Def": 0,
    "UseTimes": -1,
    "Element": 2,
    "Type": 5,
    "HP": 20,
    "Ability": 0,
    "DropRate": 0.3
  },
  {
    "Id": "dc14be9a-1f61-42df-951f-479e2cebcc23",
    "Name": "十字軍之重弩",
    "Rank": 3,
    "Price": 150,
    "Atk": 8,
    "Def": 4,
    "UseTimes": -1,
    "Element": 4,
    "Type": 1,
    "HP": 0,
    "Ability": 0,
    "DropRate": 0.3
  },
  {
    "Id": "f1d50eff-9835-494a-acd1-14214b6f2719",
    "Name": "十字軍重盔甲",
    "Rank": 3,
    "Price": 110,
    "Atk": 0,
    "Def": 5,
    "UseTimes": -1,
    "Element": 4,
    "Type": 2,
    "HP": 5,
    "Ability": 0,
    "DropRate": 0.3
  },
  {
    "Id": "8859b675-ca4e-44ad-aa6b-4b8efe097d75",
    "Name": "十字軍重盾",
    "Rank": 3,
    "Price": 120,
    "Atk": 0,
    "Def": 5,
    "UseTimes": -1,
    "Element": 4,
    "Type": 6,
    "HP": 5,
    "Ability": 0,
    "DropRate": 0.3
  },
  {
    "Id": "5030a4ec-5ad3-41cc-8ce7-c45f492db0c3",
    "Name": "十字軍重坐騎",
    "Rank": 3,
    "Price": 100,
    "Atk": 0,
    "Def": 2,
    "UseTimes": -1,
    "Element": 4,
    "Type": 5,
    "HP": 20,
    "Ability": 0,
    "DropRate": 0.3
  }
]