﻿[

  {
    "Id": "7a83f9b7-f821-458a-94cb-1a3123014be0",
    "Name": "時空神扭曲炮",
    "Rank": 4,
    "Price": -1,
    "Atk": 15,
    "Def": 0,
    "UseTimes": -1,
    "Element": 0,
    "Type": 1,
    "HP": 0,
    "Ability": 0,
    "DropRate": 0.3
  },
  {
    "Id": "60fb697b-1624-4d3a-8076-bba990ad53e6",
    "Name": "時空神盔甲",
    "Rank": 4,
    "Price": -1,
    "Atk": 0,
    "Def": 5,
    "UseTimes": -1,
    "Element": 0,
    "Type": 2,
    "HP": 0,
    "Ability": 0,
    "DropRate": 0.3
  },
  {
    "Id": "d9589c4b-0be9-40c5-a6bf-a9046c15df6e",
    "Name": "時空神聚合頸鏈",
    "Rank": 4,
    "Price": 400,
    "Atk": 2,
    "Def": 1,
    "UseTimes": -1,
    "Element": 0,
    "Type": 4,
    "HP": 0,
    "Ability": 0,
    "DropRate": 0.3
  },
  {
    "Id": "327b51e5-6d42-424a-884e-f1cb5c8e56fb",
    "Name": "時空神防護網",
    "Rank": 4,
    "Price": -1,
    "Atk": 0,
    "Def": 5,
    "UseTimes": -1,
    "Element": 0,
    "Type": 6,
    "HP": 0,
    "Ability": 0,
    "DropRate": 0.3
  },
  {
    "Id": "28962f02-90a7-4e08-97fc-88f9351d3d28",
    "Name": "時空神之翼",
    "Rank": 4,
    "Price": -1,
    "Atk": 0,
    "Def": 2,
    "UseTimes": -1,
    "Element": 0,
    "Type": 5,
    "HP": 40,
    "Ability": 0,
    "DropRate": 0.3
  },
  {
    "Id": "158ead56-66c1-464b-a81e-1bc2f44ffc60",
    "Name": "腐化空間死者呼喚",
    "Rank": 4,
    "Price": -1,
    "Atk": 15,
    "Def": 0,
    "UseTimes": -1,
    "Element": 1,
    "Type": 1,
    "HP": 0,
    "Ability": 0,
    "DropRate": 0.3
  },
  {
    "Id": "d2812074-3191-42fe-af25-5b2b95067649",
    "Name": "腐化空間亡靈護甲",
    "Rank": 4,
    "Price": -1,
    "Atk": 0,
    "Def": 5,
    "UseTimes": -1,
    "Element": 1,
    "Type": 2,
    "HP": 0,
    "Ability": 0,
    "DropRate": 0.3
  },
  {
    "Id": "6cc99d77-2ed2-4f20-ab89-cc69193feb9c",
    "Name": "腐化空間亡靈頸鏈",
    "Rank": 4,
    "Price": 400,
    "Atk": 2,
    "Def": 1,
    "UseTimes": -1,
    "Element": 1,
    "Type": 4,
    "HP": 0,
    "Ability": 0,
    "DropRate": 0.3
  },
  {
    "Id": "b1f84cdf-4d61-4366-ac2b-1a736243ce58",
    "Name": "腐化空間亡靈之盾",
    "Rank": 4,
    "Price": -1,
    "Atk": 0,
    "Def": 5,
    "UseTimes": -1,
    "Element": 1,
    "Type": 6,
    "HP": 0,
    "Ability": 0,
    "DropRate": 0.3
  },
  {
    "Id": "262a1660-92bc-44af-b793-7d870c595170",
    "Name": "腐化空間亡靈之鞋",
    "Rank": 4,
    "Price": -1,
    "Atk": 0,
    "Def": 2,
    "UseTimes": -1,
    "Element": 1,
    "Type": 5,
    "HP": 40,
    "Ability": 0,
    "DropRate": 0.3
  },
  {
    "Id": "d8104517-cf91-48aa-a685-753bb24aaa0a",
    "Name": "空間破壞風精靈之弓",
    "Rank": 4,
    "Price": -1,
    "Atk": 10,
    "Def": 2,
    "UseTimes": -1,
    "Element": 3,
    "Type": 1,
    "HP": 0,
    "Ability": 0,
    "DropRate": 0.3
  },
  {
    "Id": "d40b1c40-c95d-45b3-b046-b00cedb45863",
    "Name": "空間重組風精靈之甲",
    "Rank": 4,
    "Price": -1,
    "Atk": 1,
    "Def": 5,
    "UseTimes": -1,
    "Element": 3,
    "Type": 2,
    "HP": 10,
    "Ability": 0,
    "DropRate": 0.3
  },
  {
    "Id": "d91df726-4de3-4c78-a0de-50e65fc38682",
    "Name": "空間建造風精靈之盾",
    "Rank": 4,
    "Price": -1,
    "Atk": 0,
    "Def": 6,
    "UseTimes": -1,
    "Element": 3,
    "Type": 6,
    "HP": 5,
    "Ability": 0,
    "DropRate": 0.3
  },
  {
    "Id": "b00cc5dc-9f0d-44d0-8d76-d5c77e46166b",
    "Name": "空間重疊風精靈之鞋",
    "Rank": 4,
    "Price": -1,
    "Atk": 1,
    "Def": 0,
    "UseTimes": -1,
    "Element": 3,
    "Type": 5,
    "HP": 25,
    "Ability": 0,
    "DropRate": 0.3
  },
  {
    "Id": "246d5947-d27d-4153-9565-81b5554d9748",
    "Name": "空間再生水精靈之弓",
    "Rank": 4,
    "Price": -1,
    "Atk": 10,
    "Def": 0,
    "UseTimes": -1,
    "Element": 5,
    "Type": 1,
    "HP": 10,
    "Ability": 0,
    "DropRate": 0.3
  },
  {
    "Id": "980ea9d3-a57f-48a6-8f6d-1d86b9dff61c",
    "Name": "空間扭曲水精靈之甲",
    "Rank": 4,
    "Price": -1,
    "Atk": 0,
    "Def": 5,
    "UseTimes": -1,
    "Element": 5,
    "Type": 2,
    "HP": 15,
    "Ability": 0,
    "DropRate": 0.3
  },
  {
    "Id": "ba9e84fb-fcfa-4759-aaa1-0b2edaf7c353",
    "Name": "空間分離水精靈之盾",
    "Rank": 4,
    "Price": -1,
    "Atk": 0,
    "Def": 5,
    "UseTimes": -1,
    "Element": 5,
    "Type": 6,
    "HP": 5,
    "Ability": 0,
    "DropRate": 0.3
  },
  {
    "Id": "a7ee73c4-3c39-4719-83a6-6ff4957df606",
    "Name": "空間重置水精靈之鞋",
    "Rank": 4,
    "Price": -1,
    "Atk": 1,
    "Def": 0,
    "UseTimes": -1,
    "Element": 5,
    "Type": 5,
    "HP": 30,
    "Ability": 0,
    "DropRate": 0.3
  },
  {
    "Id": "e7d04942-25a7-468f-abae-ace65c238ef5",
    "Name": "空間扭曲火精靈之炮",
    "Rank": 4,
    "Price": -1,
    "Atk": 13,
    "Def": 0,
    "UseTimes": -1,
    "Element": 2,
    "Type": 1,
    "HP": 0,
    "Ability": 0,
    "DropRate": 0.3
  },
  {
    "Id": "53edf28c-7a64-4acb-b6c8-e132175bf2e7",
    "Name": "空間燃燒火精靈之甲",
    "Rank": 4,
    "Price": -1,
    "Atk": 3,
    "Def": 4,
    "UseTimes": -1,
    "Element": 2,
    "Type": 2,
    "HP": 5,
    "Ability": 0,
    "DropRate": 0.3
  },
  {
    "Id": "67abce31-f4e2-4019-8c75-2071e9c6951a",
    "Name": "空間破碎火精靈之盾",
    "Rank": 4,
    "Price": -1,
    "Atk": 3,
    "Def": 4,
    "UseTimes": -1,
    "Element": 2,
    "Type": 6,
    "HP": 5,
    "Ability": 0,
    "DropRate": 0.3
  },
  {
    "Id": "67e46d09-0d4d-4057-910c-5e450d13ae17",
    "Name": "空間撕碎火精靈之鞋",
    "Rank": 4,
    "Price": -1,
    "Atk": 3,
    "Def": 0,
    "UseTimes": -1,
    "Element": 2,
    "Type": 5,
    "HP": 20,
    "Ability": 0,
    "DropRate": 0.3
  },
  {
    "Id": "14e28062-5dca-43f1-8b73-51248de1c8d1",
    "Name": "空間堅固石精靈之劍",
    "Rank": 4,
    "Price": -1,
    "Atk": 9,
    "Def": 4,
    "UseTimes": -1,
    "Element": 4,
    "Type": 1,
    "HP": 0,
    "Ability": 0,
    "DropRate": 0.3
  },
  {
    "Id": "e8845bc0-440a-4442-bf5d-83aa643a5ead",
    "Name": "空間流動石精靈之甲",
    "Rank": 4,
    "Price": -1,
    "Atk": 0,
    "Def": 6,
    "UseTimes": -1,
    "Element": 4,
    "Type": 2,
    "HP": 5,
    "Ability": 0,
    "DropRate": 0.3
  },
  {
    "Id": "1c99875d-c9da-4555-aaec-e604d60dfb7f",
    "Name": "空間壓縮石精靈之盾",
    "Rank": 4,
    "Price": -1,
    "Atk": 0,
    "Def": 6,
    "UseTimes": -1,
    "Element": 4,
    "Type": 6,
    "HP": 5,
    "Ability": 0,
    "DropRate": 0.3
  },
  {
    "Id": "c64e3697-34dd-425c-89b7-b94139913873",
    "Name": "空間支撐石精靈之鞋",
    "Rank": 4,
    "Price": -1,
    "Atk": 0,
    "Def": 5,
    "UseTimes": -1,
    "Element": 4,
    "Type": 5,
    "HP": 25,
    "Ability": 0,
    "DropRate": 0.3
  },
  {
    "Id": "86fb4420-e24e-4467-9a68-8ad761ad0385",
    "Name": "時間破壞風精靈之弓",
    "Rank": 4,
    "Price": 400,
    "Atk": 11,
    "Def": 3,
    "UseTimes": -1,
    "Element": 3,
    "Type": 1,
    "HP": 0,
    "Ability": 0,
    "DropRate": 0.3
  },
  {
    "Id": "37b4cd7d-4b12-40c2-af4f-e7a53cd16ec7",
    "Name": "時間重組風精靈之甲",
    "Rank": 4,
    "Price": 300,
    "Atk": 2,
    "Def": 5,
    "UseTimes": -1,
    "Element": 3,
    "Type": 2,
    "HP": 10,
    "Ability": 0,
    "DropRate": 0.3
  },
  {
    "Id": "24b54e57-5cfe-4916-968d-c2a9b5a46005",
    "Name": "時間裂變風精靈強化頸鏈",
    "Rank": 4,
    "Price": 400,
    "Atk": 1,
    "Def": 1,
    "UseTimes": -1,
    "Element": 3,
    "Type": 4,
    "HP": 5,
    "Ability": 0,
    "DropRate": 0.3
  },
  {
    "Id": "e2dbc53a-bb11-44b2-9ba5-3ca78f5e12fc",
    "Name": "時間建造風精靈之盾",
    "Rank": 4,
    "Price": 350,
    "Atk": 0,
    "Def": 5,
    "UseTimes": -1,
    "Element": 3,
    "Type": 6,
    "HP": 10,
    "Ability": 0,
    "DropRate": 0.3
  },
  {
    "Id": "40afe1a2-726b-47ee-b695-cb1ea3569e5b",
    "Name": "時間重疊風精靈之鞋",
    "Rank": 4,
    "Price": 250,
    "Atk": 2,
    "Def": 2,
    "UseTimes": -1,
    "Element": 3,
    "Type": 5,
    "HP": 25,
    "Ability": 0,
    "DropRate": 0.3
  },
  {
    "Id": "5cff06aa-716d-43cc-896b-0d9ef894d21a",
    "Name": "時間再生水精靈之弓",
    "Rank": 4,
    "Price": 400,
    "Atk": 11,
    "Def": 0,
    "UseTimes": -1,
    "Element": 5,
    "Type": 1,
    "HP": 15,
    "Ability": 0,
    "DropRate": 0.3
  },
  {
    "Id": "8c48f789-eac2-434e-a9ab-7028bc1a8bb3",
    "Name": "時間扭曲水精靈之甲",
    "Rank": 4,
    "Price": 300,
    "Atk": 0,
    "Def": 6,
    "UseTimes": -1,
    "Element": 5,
    "Type": 2,
    "HP": 15,
    "Ability": 0,
    "DropRate": 0.3
  },
  {
    "Id": "cfde6368-1d48-4ad3-9359-f20eb2fc2c7a",
    "Name": "時間工程水精靈強化頸鏈",
    "Rank": 4,
    "Price": 400,
    "Atk": 1,
    "Def": 0,
    "UseTimes": -1,
    "Element": 5,
    "Type": 4,
    "HP": 10,
    "Ability": 0,
    "DropRate": 0.3
  },
  {
    "Id": "95086bff-71f0-4fda-9a80-16adf6af3e1b",
    "Name": "時間分離水精靈之盾",
    "Rank": 4,
    "Price": 350,
    "Atk": 0,
    "Def": 6,
    "UseTimes": -1,
    "Element": 5,
    "Type": 6,
    "HP": 10,
    "Ability": 0,
    "DropRate": 0.3
  },
  {
    "Id": "2ecbd129-9c1c-4c62-af1a-88123212ffe3",
    "Name": "時間重置水精靈之鞋",
    "Rank": 4,
    "Price": 250,
    "Atk": 0,
    "Def": 2,
    "UseTimes": -1,
    "Element": 5,
    "Type": 5,
    "HP": 35,
    "Ability": 0,
    "DropRate": 0.3
  },
  {
    "Id": "9e677bfd-a374-4505-b50f-a4fb8a06d7e5",
    "Name": "時間扭曲火精靈之炮",
    "Rank": 4,
    "Price": 400,
    "Atk": 16,
    "Def": 0,
    "UseTimes": -1,
    "Element": 2,
    "Type": 1,
    "HP": 0,
    "Ability": 0,
    "DropRate": 0.3
  },
  {
    "Id": "a7ee1348-3055-4e6c-a6a9-f518d20d64d4",
    "Name": "時間燃燒火精靈之甲",
    "Rank": 4,
    "Price": 300,
    "Atk": 3,
    "Def": 5,
    "UseTimes": -1,
    "Element": 2,
    "Type": 2,
    "HP": 5,
    "Ability": 0,
    "DropRate": 0.3
  },
  {
    "Id": "932a6f6f-e8af-4576-9e0f-a20658dbb948",
    "Name": "時間溶解火精靈強化頸鏈",
    "Rank": 4,
    "Price": 400,
    "Atk": 2,
    "Def": 0,
    "UseTimes": -1,
    "Element": 2,
    "Type": 4,
    "HP": 5,
    "Ability": 0,
    "DropRate": 0.3
  },
  {
    "Id": "13e04f2c-c57e-43a1-bfce-3221d9e0a78a",
    "Name": "時間破碎火精靈之盾",
    "Rank": 4,
    "Price": 350,
    "Atk": 3,
    "Def": 5,
    "UseTimes": -1,
    "Element": 2,
    "Type": 6,
    "HP": 5,
    "Ability": 0,
    "DropRate": 0.3
  },
  {
    "Id": "d839e292-c34d-455d-b2b4-0673a13f0926",
    "Name": "時間撕碎火精靈之鞋",
    "Rank": 4,
    "Price": 250,
    "Atk": 3,
    "Def": 0,
    "UseTimes": -1,
    "Element": 2,
    "Type": 5,
    "HP": 25,
    "Ability": 0,
    "DropRate": 0.3
  },
  {
    "Id": "6e8ee874-8df3-4b31-83e6-352c70a48570",
    "Name": "時間堅固石精靈之劍",
    "Rank": 4,
    "Price": 400,
    "Atk": 10,
    "Def": 5,
    "UseTimes": -1,
    "Element": 4,
    "Type": 1,
    "HP": 0,
    "Ability": 0,
    "DropRate": 0.3
  },
  {
    "Id": "5924a0d7-32fd-4bb8-bbae-e75d6b29f455",
    "Name": "時間流動石精靈之甲",
    "Rank": 4,
    "Price": 300,
    "Atk": 0,
    "Def": 7,
    "UseTimes": -1,
    "Element": 4,
    "Type": 2,
    "HP": 5,
    "Ability": 0,
    "DropRate": 0.3
  },
  {
    "Id": "a5653bde-8c23-47c7-aa76-9c3aaf5e69fa",
    "Name": "時間硬化石精靈強化頸鏈",
    "Rank": 4,
    "Price": 400,
    "Atk": 0,
    "Def": 2,
    "UseTimes": -1,
    "Element": 4,
    "Type": 4,
    "HP": 5,
    "Ability": 0,
    "DropRate": 0.3
  },
  {
    "Id": "2e2b5ca8-f684-4f6f-90bd-8495231c20e8",
    "Name": "時間壓縮石精靈之盾",
    "Rank": 4,
    "Price": 350,
    "Atk": 0,
    "Def": 7,
    "UseTimes": -1,
    "Element": 4,
    "Type": 6,
    "HP": 10,
    "Ability": 0,
    "DropRate": 0.3
  },
  {
    "Id": "80b67539-8af0-4b45-8daa-d4327160c819",
    "Name": "時間支撐石精靈之鞋",
    "Rank": 4,
    "Price": 250,
    "Atk": 0,
    "Def": 4,
    "UseTimes": -1,
    "Element": 4,
    "Type": 5,
    "HP": 25,
    "Ability": 0,
    "DropRate": 0.3
  }
]