﻿[
  {
    "Id": "21d26273-afa0-4a0f-9f78-da86c04490dd",
    "Name": "神聖龍甲搖搖",
    "Rank": 5,
    "Price": -1,
    "Atk": 16,
    "Def": 0,
    "UseTimes": -1,
    "Element": 0,
    "Type": 1,
    "HP": 0,
    "Ability": 0,
    "DropRate": 0.3
  },
  {
    "Id": "749b8931-59aa-4d42-b7b8-628e25cb6298",
    "Name": "神聖龍甲披風",
    "Rank": 5,
    "Price": -1,
    "Atk": 0,
    "Def": 6,
    "UseTimes": -1,
    "Element": 0,
    "Type": 2,
    "HP": 0,
    "Ability": 0,
    "DropRate": 0.3
  },
  {
    "Id": "bbcd50e1-94d8-4312-bf03-a8223221b748",
    "Name": "神聖龍甲頸鏈",
    "Rank": 5,
    "Price": 500,
    "Atk": 2,
    "Def": 2,
    "UseTimes": -1,
    "Element": 0,
    "Type": 4,
    "HP": 0,
    "Ability": 0,
    "DropRate": 0.3
  },
  {
    "Id": "cbe6bfee-53b4-4448-9bef-e1e5ecd65836",
    "Name": "神聖龍甲盾",
    "Rank": 5,
    "Price": -1,
    "Atk": 0,
    "Def": 6,
    "UseTimes": -1,
    "Element": 0,
    "Type": 6,
    "HP": 0,
    "Ability": 0,
    "DropRate": 0.3
  },
  {
    "Id": "daaaabb0-12c7-4412-8dac-add6ab969949",
    "Name": "神聖龍甲鞋",
    "Rank": 5,
    "Price": -1,
    "Atk": 0,
    "Def": 2,
    "UseTimes": -1,
    "Element": 0,
    "Type": 5,
    "HP": 50,
    "Ability": 0,
    "DropRate": 0.3
  },
  {
    "Id": "5e28285b-921f-402f-b818-5c5925690304",
    "Name": "暗影爆裂搖搖",
    "Rank": 5,
    "Price": -1,
    "Atk": 16,
    "Def": 0,
    "UseTimes": -1,
    "Element": 1,
    "Type": 1,
    "HP": 0,
    "Ability": 0,
    "DropRate": 0.3
  },
  {
    "Id": "1eef6c85-857a-409a-893a-782b4788697d",
    "Name": "暗影爆裂護甲",
    "Rank": 5,
    "Price": -1,
    "Atk": 0,
    "Def": 6,
    "UseTimes": -1,
    "Element": 1,
    "Type": 2,
    "HP": 0,
    "Ability": 0,
    "DropRate": 0.3
  },
  {
    "Id": "58a4c950-d766-4024-9af2-f195a4002b8c",
    "Name": "暗影爆裂頸鏈",
    "Rank": 5,
    "Price": 500,
    "Atk": 2,
    "Def": 2,
    "UseTimes": -1,
    "Element": 1,
    "Type": 4,
    "HP": 0,
    "Ability": 0,
    "DropRate": 0.3
  },
  {
    "Id": "161276ab-2916-4694-bcc0-ce25f2db2b15",
    "Name": "暗影爆裂盾",
    "Rank": 5,
    "Price": -1,
    "Atk": 0,
    "Def": 6,
    "UseTimes": -1,
    "Element": 1,
    "Type": 6,
    "HP": 0,
    "Ability": 0,
    "DropRate": 0.3
  },
  {
    "Id": "8d5fad68-16ec-4375-9d3e-f3c7767343ed",
    "Name": "暗影爆裂鞋",
    "Rank": 5,
    "Price": -1,
    "Atk": 0,
    "Def": 2,
    "UseTimes": -1,
    "Element": 1,
    "Type": 5,
    "HP": 50,
    "Ability": 0,
    "DropRate": 0.3
  },
  {
    "Name": "風暴撕裂搖搖",
    "Rank": 5,
    "Price": -1,
    "Atk": 13,
    "Def": 4,
    "UseTimes": -1,
    "Element": 1,
    "Type": 1,
    "HP": 0,
    "Ability": 0,
    "DropRate": 0.3
  },
  {
    "Name": "風暴撕裂護甲",
    "Rank": 5,
    "Price": -1,
    "Atk": 3,
    "Def": 6,
    "UseTimes": -1,
    "Element": 3,
    "Type": 2,
    "HP": 15,
    "Ability": 0,
    "DropRate": 0.3
  },
  {
    "Name": "風暴撕裂頸鏈",
    "Rank": 5,
    "Price": 450,
    "Atk": 2,
    "Def": 2,
    "UseTimes": -1,
    "Element": 1,
    "Type": 4,
    "HP": 5,
    "Ability": 0,
    "DropRate": 0.3
  },
  {
    "Name": "風暴撕裂護盾",
    "Rank": 5,
    "Price": -1,
    "Atk": 1,
    "Def": 5,
    "UseTimes": -1,
    "Element": 3,
    "Type": 6,
    "HP": 10,
    "Ability": 0,
    "DropRate": 0.3
  },
  {
    "Name": "風暴撕裂鞋",
    "Rank": 5,
    "Price": -1,
    "Atk": 3,
    "Def": 2,
    "UseTimes": -1,
    "Element": 3,
    "Type": 5,
    "HP": 30,
    "Ability": 0,
    "DropRate": 0.3
  },
  {
    "Name": "水生裂變搖搖",
    "Rank": 5,
    "Price": -1,
    "Atk": 13,
    "Def": 0,
    "UseTimes": -1,
    "Element": 5,
    "Type": 1,
    "HP": 10,
    "Ability": 0,
    "DropRate": 0.3
  },
  {
    "Name": "水生裂變護甲",
    "Rank": 5,
    "Price": -1,
    "Atk": 1,
    "Def": 7,
    "UseTimes": -1,
    "Element": 5,
    "Type": 2,
    "HP": 20,
    "Ability": 0,
    "DropRate": 0.3
  },
  {
    "Name": "水生裂變頸鏈",
    "Rank": 5,
    "Price": 450,
    "Atk": 1,
    "Def": 1,
    "UseTimes": -1,
    "Element": 5,
    "Type": 4,
    "HP": 10,
    "Ability": 0,
    "DropRate": 0.3
  },
  {
    "Name": "水生裂變護盾",
    "Rank": 5,
    "Price": -1,
    "Atk": 0,
    "Def": 7,
    "UseTimes": -1,
    "Element": 5,
    "Type": 6,
    "HP": 10,
    "Ability": 0,
    "DropRate": 0.3
  },
  {
    "Name": "水生裂變鞋",
    "Rank": 5,
    "Price": -1,
    "Atk": 1,
    "Def": 3,
    "UseTimes": -1,
    "Element": 5,
    "Type": 5,
    "HP": 35,
    "Ability": 0,
    "DropRate": 0.3
  },
  {
    "Name": "核爆導彈搖搖",
    "Rank": 5,
    "Price": -1,
    "Atk": 19,
    "Def": 0,
    "UseTimes": -1,
    "Element": 2,
    "Type": 1,
    "HP": 0,
    "Ability": 0,
    "DropRate": 0.3
  },
  {
    "Name": "核爆導彈頸鏈",
    "Rank": 5,
    "Price": 450,
    "Atk": 3,
    "Def": 1,
    "UseTimes": -1,
    "Element": 2,
    "Type": 4,
    "HP": 5,
    "Ability": 0,
    "DropRate": 0.3
  },
  {
    "Name": "核爆導彈裝甲",
    "Rank": 5,
    "Price": -1,
    "Atk": 4,
    "Def": 5,
    "UseTimes": -1,
    "Element": 2,
    "Type": 2,
    "HP": 10,
    "Ability": 0,
    "DropRate": 0.3
  },
  {
    "Name": "核爆導彈護盾",
    "Rank": 5,
    "Price": -1,
    "Atk": 4,
    "Def": 5,
    "UseTimes": -1,
    "Element": 2,
    "Type": 6,
    "HP": 5,
    "Ability": 0,
    "DropRate": 0.3
  },
  {
    "Name": "核爆導彈鞋",
    "Rank": 5,
    "Price": -1,
    "Atk": 4,
    "Def": 0,
    "UseTimes": -1,
    "Element": 2,
    "Type": 5,
    "HP": 30,
    "Ability": 0,
    "DropRate": 0.3
  },
  {
    "Name": "美杜莎之眼搖搖",
    "Rank": 5,
    "Price": -1,
    "Atk": 12,
    "Def": 5,
    "UseTimes": -1,
    "Element": 4,
    "Type": 1,
    "HP": 0,
    "Ability": 0,
    "DropRate": 0.3
  },
  {
    "Name": "美杜莎之眼頸鏈",
    "Rank": 5,
    "Price": 450,
    "Atk": 0,
    "Def": 2,
    "UseTimes": -1,
    "Element": 4,
    "Type": 4,
    "HP": 5,
    "Ability": 0,
    "DropRate": 0.3
  },
  {
    "Name": "美杜莎之眼護甲",
    "Rank": 5,
    "Price": -1,
    "Atk": 0,
    "Def": 8,
    "UseTimes": -1,
    "Element": 4,
    "Type": 2,
    "HP": 10,
    "Ability": 0,
    "DropRate": 0.3
  },
  {
    "Name": "美杜莎之眼護盾",
    "Rank": 5,
    "Price": -1,
    "Atk": 0,
    "Def": 9,
    "UseTimes": -1,
    "Element": 4,
    "Type": 6,
    "HP": 10,
    "Ability": 0,
    "DropRate": 0.3
  },
  {
    "Name": "美杜莎之眼鞋",
    "Rank": 5,
    "Price": -1,
    "Atk": 0,
    "Def": 5,
    "UseTimes": -1,
    "Element": 4,
    "Type": 5,
    "HP": 25,
    "Ability": 0,
    "DropRate": 0.3
  },
  {
    "Name": "狂風雷暴撕裂搖搖", //風屬性武器
    "Rank": 5,
    "Price": 1000,
    "Atk": 14,
    "Def": 4,
    "UseTimes": -1,
    "Element": 1,
    "Type": 1,
    "HP": 0,
    "Ability": 0,
    "DropRate": 0.3
  },
  {
    "Name": "狂風雷暴撕裂護甲", //風屬性護甲
    "Rank": 5,
    "Price": 800,
    "Atk": 3,
    "Def": 7,
    "UseTimes": -1,
    "Element": 3,
    "Type": 2,
    "HP": 15,
    "Ability": 0,
    "DropRate": 0.3
  },
  {
    "Name": "狂風雷暴撕裂頸鏈",
    "Rank": 5,
    "Price": 1200,
    "Atk": 2,
    "Def": 3,
    "UseTimes": -1,
    "Element": 1,
    "Type": 4,
    "HP": 5,
    "Ability": 0,
    "DropRate": 0.3
  },
  {
    "Name": "狂風雷暴撕裂護盾",
    "Rank": 5,
    "Price": 900,
    "Atk": 2,
    "Def": 5,
    "UseTimes": -1,
    "Element": 3,
    "Type": 6,
    "HP": 10,
    "Ability": 0,
    "DropRate": 0.3
  },
  {
    "Name": "狂風雷暴撕裂鞋",
    "Rank": 5,
    "Price": 700,
    "Atk": 4,
    "Def": 2,
    "UseTimes": -1,
    "Element": 3,
    "Type": 5,
    "HP": 30,
    "Ability": 0,
    "DropRate": 0.3
  },
  {
    "Name": "水流飛沫搖搖", //水屬性
    "Rank": 5,
    "Price": 1000,
    "Atk": 14,
    "Def": 0,
    "UseTimes": -1,
    "Element": 5,
    "Type": 1,
    "HP": 10,
    "Ability": 0,
    "DropRate": 0.3
  },
  {
    "Name": "水流飛沫護甲",
    "Rank": 5,
    "Price": 800,
    "Atk": 2,
    "Def": 7,
    "UseTimes": -1,
    "Element": 5,
    "Type": 2,
    "HP": 20,
    "Ability": 0,
    "DropRate": 0.3
  },
  {
    "Name": "水流飛沫頸鏈",
    "Rank": 5,
    "Price": 1200,
    "Atk": 1,
    "Def": 2,
    "UseTimes": -1,
    "Element": 5,
    "Type": 4,
    "HP": 10,
    "Ability": 0,
    "DropRate": 0.3
  },
  {
    "Name": "水流飛沫護盾",
    "Rank": 5,
    "Price": 900,
    "Atk": 0,
    "Def": 8,
    "UseTimes": -1,
    "Element": 5,
    "Type": 6,
    "HP": 10,
    "Ability": 0,
    "DropRate": 0.3
  },
  {
    "Name": "水流飛沫鞋",
    "Rank": 5,
    "Price": 700,
    "Atk": 1,
    "Def": 4,
    "UseTimes": -1,
    "Element": 5,
    "Type": 5,
    "HP": 35,
    "Ability": 0,
    "DropRate": 0.3
  },
  {
    "Name": "核子分裂搖搖", //火屬性
    "Rank": 5,
    "Price": 1000,
    "Atk": 20,
    "Def": 0,
    "UseTimes": -1,
    "Element": 2,
    "Type": 1,
    "HP": 0,
    "Ability": 0,
    "DropRate": 0.3
  },
  {
    "Name": "核子分裂頸鏈",
    "Rank": 5,
    "Price": 1200,
    "Atk": 3,
    "Def": 2,
    "UseTimes": -1,
    "Element": 2,
    "Type": 4,
    "HP": 5,
    "Ability": 0,
    "DropRate": 0.3
  },
  {
    "Name": "核子分裂裝甲",
    "Rank": 5,
    "Price": 800,
    "Atk": 5,
    "Def": 5,
    "UseTimes": -1,
    "Element": 2,
    "Type": 2,
    "HP": 10,
    "Ability": 0,
    "DropRate": 0.3
  },
  {
    "Name": "核子分裂護盾",
    "Rank": 5,
    "Price": 900,
    "Atk": 5,
    "Def": 5,
    "UseTimes": -1,
    "Element": 2,
    "Type": 6,
    "HP": 5,
    "Ability": 0,
    "DropRate": 0.3
  },
  {
    "Name": "核子分裂鞋",
    "Rank": 5,
    "Price": 700,
    "Atk": 5,
    "Def": 0,
    "UseTimes": -1,
    "Element": 2,
    "Type": 5,
    "HP": 30,
    "Ability": 0,
    "DropRate": 0.3
  },
  {
    "Name": "美杜莎之心搖搖", //土屬性
    "Rank": 5,
    "Price": 1000,
    "Atk": 13,
    "Def": 5,
    "UseTimes": -1,
    "Element": 4,
    "Type": 1,
    "HP": 0,
    "Ability": 0,
    "DropRate": 0.3
  },
  {
    "Name": "美杜莎之心頸鏈",
    "Rank": 5,
    "Price": 1200,
    "Atk": 0,
    "Def": 3,
    "UseTimes": -1,
    "Element": 4,
    "Type": 4,
    "HP": 5,
    "Ability": 0,
    "DropRate": 0.3
  },
  {
    "Name": "美杜莎之心護甲",
    "Rank": 5,
    "Price": 800,
    "Atk": 0,
    "Def": 9,
    "UseTimes": -1,
    "Element": 4,
    "Type": 2,
    "HP": 10,
    "Ability": 0,
    "DropRate": 0.3
  },
  {
    "Name": "美杜莎之心護盾",
    "Rank": 5,
    "Price": 900,
    "Atk": 0,
    "Def": 10,
    "UseTimes": -1,
    "Element": 4,
    "Type": 6,
    "HP": 10,
    "Ability": 0,
    "DropRate": 0.3
  },
  {
    "Name": "美杜莎之心鞋",
    "Rank": 5,
    "Price": 700,
    "Atk": 0,
    "Def": 6,
    "UseTimes": -1,
    "Element": 4,
    "Type": 5,
    "HP": 25,
    "Ability": 0,
    "DropRate": 0.3
  }
]