﻿[
  {
    "name": "風史萊姆", //怪的名
    "hp": 10, //怪的血量
    "atk": 8, //怪的傷害
    "def": 0, //怪的防禦
    "element": 3, //怪的屬性
    "itemDropRate": 0.3 //跌裝備幾率，0.3代表30%, 1.0代表100%
  },
  {
    "name": "狂暴化風史萊姆", //怪的名
    "hp": 25, //怪的血量
    "atk": 10, //怪的傷害
    "def": 2, //怪的防禦
    "element": 3, //怪的屬性
    "itemDropRate": 0.3, //跌裝備幾率，0.3代表30%, 1.0代表100%
    "stage": 1
  },
  {
    "name": "風史萊姆王", //怪的名
    "hp": 30, //怪的血量
    "atk": 12, //怪的傷害
    "def": 3, //怪的防禦
    "element": 3, //怪的屬性
    "itemDropRate": 0.3, //跌裝備幾率，0.3代表30%, 1.0代表100%
    "stage": 1
  },
  {
    "name": "風之寶箱怪", //怪的名
    "hp": 20, //怪的血量
    "atk": 6, //怪的傷害
    "def": 1, //怪的防禦
    "element": 3, //怪的屬性
    "itemDropRate": 1 //跌裝備幾率，0.3代表30%, 1.0代表100%
  },
  {
    "name": "土史萊姆", //怪的名
    "hp": 10, //怪的血量
    "atk": 8, //怪的傷害
    "def": 0, //怪的防禦
    "element": 4, //怪的屬性
    "itemDropRate": 0.3 //跌裝備幾率，0.3代表30%, 1.0代表100%
  },
  {
    "name": "狂暴化土史萊姆", //怪的名
    "hp": 25, //怪的血量
    "atk": 10, //怪的傷害
    "def": 2, //怪的防禦
    "element": 4, //怪的屬性
    "itemDropRate": 0.3, //跌裝備幾率，0.3代表30%, 1.0代表100%
    "stage": 1
  },
  {
    "name": "土史萊姆王", //怪的名
    "hp": 30, //怪的血量
    "atk": 12, //怪的傷害
    "def": 3, //怪的防禦
    "element": 4, //怪的屬性
    "itemDropRate": 0.3, //跌裝備幾率，0.3代表30%, 1.0代表100%
    "stage": 1
  },
  {
    "name": "土之寶箱怪", //怪的名
    "hp": 20, //怪的血量
    "atk": 6, //怪的傷害
    "def": 1, //怪的防禦
    "element": 4, //怪的屬性
    "itemDropRate": 1 //跌裝備幾率，0.3代表30%, 1.0代表100%
  },
  {
    "name": "水史萊姆", //怪的名
    "hp": 10, //怪的血量
    "atk": 8, //怪的傷害
    "def": 0, //怪的防禦
    "element": 5, //怪的屬性
    "itemDropRate": 0.3 //跌裝備幾率，0.3代表30%, 1.0代表100%
  },
  {
    "name": "狂暴化水史萊姆", //怪的名
    "hp": 25, //怪的血量
    "atk": 10, //怪的傷害
    "def": 2, //怪的防禦
    "element": 5, //怪的屬性
    "itemDropRate": 0.3, //跌裝備幾率，0.3代表30%, 1.0代表100%
    "stage": 1
  },
  {
    "name": "水史萊姆王", //怪的名
    "hp": 30, //怪的血量
    "atk": 12, //怪的傷害
    "def": 3, //怪的防禦
    "element": 5, //怪的屬性
    "itemDropRate": 0.3, //跌裝備幾率，0.3代表30%, 1.0代表100%
    "stage": 1
  },
  {
    "name": "水之寶箱怪", //怪的名
    "hp": 20, //怪的血量
    "atk": 6, //怪的傷害
    "def": 1, //怪的防禦
    "element": 5, //怪的屬性
    "itemDropRate": 1 //跌裝備幾率，0.3代表30%, 1.0代表100%
  },
  {
    "name": "火史萊姆", //怪的名
    "hp": 10, //怪的血量
    "atk": 8, //怪的傷害
    "def": 0, //怪的防禦
    "element": 2, //怪的屬性
    "itemDropRate": 0.3 //跌裝備幾率，0.3代表30%, 1.0代表100%
  },
  {
    "name": "狂暴化火史萊姆", //怪的名
    "hp": 25, //怪的血量
    "atk": 10, //怪的傷害
    "def": 2, //怪的防禦
    "element": 2, //怪的屬性
    "itemDropRate": 0.3, //跌裝備幾率，0.3代表30%, 1.0代表100%
    "stage": 1
  },
  {
    "name": "火史萊姆王", //怪的名
    "hp": 30, //怪的血量
    "atk": 12, //怪的傷害
    "def": 3, //怪的防禦
    "element": 2, //怪的屬性
    "itemDropRate": 0.3, //跌裝備幾率，0.3代表30%, 1.0代表100%
    "stage": 1
  },
  {
    "name": "火之寶箱怪", //怪的名
    "hp": 20, //怪的血量
    "atk": 6, //怪的傷害
    "def": 1, //怪的防禦
    "element": 2, //怪的屬性
    "itemDropRate": 1 //跌裝備幾率，0.3代表30%, 1.0代表100%
  },
  {
    "name": "大樹守衛Mini",
    "hp": 350,
    "atk": 30,
    "def": 0,
    "element": 3,
    "itemDropRate": 1,
    "stage": 1,
    "dropRank": [ 2 ],
    "isBoss": true
  },
  {
    "name": "落雨唔收衫",
    "hp": 350,
    "atk": 30,
    "def": 0,
    "element": 5,
    "itemDropRate": 1,
    "stage": 1,
    "dropRank": [ 2 ],
    "isBoss": true
  },
  {
    "name": "沙灘城堡怪",
    "hp": 350,
    "atk": 30,
    "def": 0,
    "element": 4,
    "itemDropRate": 1,
    "stage": 1,
    "dropRank": [ 2 ],
    "isBoss": true
  },
  {
    "name": "火爆叉燒飯",
    "hp": 350,
    "atk": 30,
    "def": 0,
    "element": 2,
    "itemDropRate": 1,
    "stage": 1,
    "dropRank": [ 2 ],
    "isBoss": true
  },
  {
    "name": "飛天忍者",
    "hp": 30,
    "atk": 15,
    "def": 4,
    "element": 3,
    "itemDropRate": 0.3,
    "stage": 2,
    "dropRank": [ 2 ]
  },
  {
    "name": "火爆忍者",
    "hp": 30,
    "atk": 18,
    "def": 2,
    "element": 2,
    "itemDropRate": 0.3,
    "stage": 2,
    "dropRank": [ 2 ]
  },
  {
    "name": "石頭忍者",
    "hp": 30,
    "atk": 13,
    "def": 6,
    "element": 4,
    "itemDropRate": 0.3,
    "stage": 2,
    "dropRank": [ 2 ]
  },
  {
    "name": "放水忍者",
    "hp": 40,
    "atk": 13,
    "def": 4,
    "element": 5,
    "itemDropRate": 0.3,
    "stage": 2,
    "dropRank": [ 2 ]
  },
  {
    "name": "黃金飛天忍者",
    "hp": 30,
    "atk": 18,
    "def": 4,
    "element": 3,
    "itemDropRate": 0.2,
    "stage": 2,
    "dropRank": [ 2 ]
  },
  {
    "name": "黃金火爆忍者",
    "hp": 30,
    "atk": 20,
    "def": 2,
    "element": 2,
    "itemDropRate": 0.2,
    "stage": 2,
    "dropRank": [ 2 ]
  },
  {
    "name": "黃金石頭忍者",
    "hp": 30,
    "atk": 14,
    "def": 8,
    "element": 4,
    "itemDropRate": 0.2,
    "stage": 2,
    "dropRank": [ 2 ]
  },
  {
    "name": "黃金放水忍者",
    "hp": 40,
    "atk": 16,
    "def": 2,
    "element": 5,
    "itemDropRate": 0.2,
    "stage": 2,
    "dropRank": [ 2 ]
  },
  {
    "name": "RGB飛天忍者",
    "hp": 40,
    "atk": 20,
    "def": 3,
    "element": 3,
    "itemDropRate": 0.4,
    "stage": 2,
    "dropRank": [ 3 ]
  },
  {
    "name": "RGB火爆忍者",
    "hp": 40,
    "atk": 23,
    "def": 0,
    "element": 2,
    "itemDropRate": 0.4,
    "stage": 2,
    "dropRank": [ 3 ]
  },
  {
    "name": "RGB石頭忍者",
    "hp": 40,
    "atk": 15,
    "def": 10,
    "element": 4,
    "itemDropRate": 0.4,
    "stage": 2,
    "dropRank": [ 3 ]
  },
  {
    "name": "RGB放水忍者",
    "hp": 50,
    "atk": 20,
    "def": 1,
    "element": 5,
    "itemDropRate": 0.4,
    "stage": 2,
    "dropRank": [ 3 ]
  },
  {
    "name": "火爆忍者將軍",
    "hp": 500,
    "atk": 50,
    "def": 0,
    "element": 2,
    "itemDropRate": 1,
    "stage": 2,
    "dropRank": [ 3 ],
    "isBoss": true
  },
  {
    "name": "風爆忍者將軍",
    "hp": 500,
    "atk": 40,
    "def": 5,
    "element": 3,
    "itemDropRate": 1,
    "stage": 2,
    "dropRank": [ 3 ],
    "isBoss": true
  },
  {
    "name": "地爆忍者將軍",
    "hp": 400,
    "atk": 40,
    "def": 10,
    "element": 4,
    "itemDropRate": 1,
    "stage": 2,
    "dropRank": [ 3 ],
    "isBoss": true
  },
  {
    "name": "水爆忍者將軍",
    "hp": 600,
    "atk": 40,
    "def": 5,
    "element": 5,
    "itemDropRate": 1,
    "stage": 2,
    "dropRank": [ 3 ],
    "isBoss": true
  },
  {
    "name": "無限∞吹風機",
    "hp": 50,
    "atk": 25,
    "def": 5,
    "element": 3,
    "itemDropRate": 0.2,
    "stage": 3,
    "dropRank": [ 3, 4 ]
  },
  {
    "name": "無限∞打火機",
    "hp": 50,
    "atk": 30,
    "def": 0,
    "element": 2,
    "itemDropRate": 0.2,
    "stage": 3,
    "dropRank": [ 3, 4 ]
  },
  {
    "name": "無限∞鑽地機",
    "hp": 50,
    "atk": 15,
    "def": 10,
    "element": 4,
    "itemDropRate": 0.2,
    "stage": 3,
    "dropRank": [ 3, 4 ]
  },
  {
    "name": "無限∞噴水機",
    "hp": 75,
    "atk": 20,
    "def": 0,
    "element": 5,
    "itemDropRate": 0.2,
    "stage": 3,
    "dropRank": [ 3, 4 ]
  },
  {
    "name": "解除限制吹風機",
    "hp": 55,
    "atk": 20,
    "def": 8,
    "element": 3,
    "itemDropRate": 0.25,
    "stage": 3,
    "dropRank": [ 3 ]
  },
  {
    "name": "解除限制打火機",
    "hp": 55,
    "atk": 25,
    "def": 3,
    "element": 2,
    "itemDropRate": 0.25,
    "stage": 3,
    "dropRank": [ 3 ]
  },
  {
    "name": "解除限制鑽地機",
    "hp": 55,
    "atk": 15,
    "def": 13,
    "element": 4,
    "itemDropRate": 0.25,
    "stage": 3,
    "dropRank": [ 3 ]
  },
  {
    "name": "解除限制噴水機",
    "hp": 80,
    "atk": 20,
    "def": 8,
    "element": 5,
    "itemDropRate": 0.25,
    "stage": 3,
    "dropRank": [ 3 ]
  },
  {
    "name": "超進化吹風機",
    "hp": 60,
    "atk": 21,
    "def": 12,
    "element": 3,
    "itemDropRate": 0.2,
    "stage": 3,
    "dropRank": [ 3 ]
  },
  {
    "name": "超進化打火機",
    "hp": 60,
    "atk": 26,
    "def": 7,
    "element": 2,
    "itemDropRate": 0.2,
    "stage": 3,
    "dropRank": [ 3 ]
  },
  {
    "name": "超進化鑽地機",
    "hp": 60,
    "atk": 16,
    "def": 17,
    "element": 4,
    "itemDropRate": 0.2,
    "stage": 3,
    "dropRank": [ 3 ]
  },
  {
    "name": "超進化噴水機",
    "hp": 85,
    "atk": 21,
    "def": 12,
    "element": 5,
    "itemDropRate": 0.2,
    "stage": 3,
    "dropRank": [ 3 ]
  },
  {
    "name": "Thomas 迷離軍團 - 116水波迷離",
    "hp": 900,
    "atk": 38,
    "def": 12,
    "element": 5,
    "itemDropRate": 0.5,
    "stage": 3,
    "dropRank": [ 4 ],
    "isBoss": true
  },
  {
    "name": "Thomas 迷離軍團 - 116火焰迷離",
    "hp": 700,
    "atk": 43,
    "def": 7,
    "element": 2,
    "itemDropRate": 0.5,
    "stage": 3,
    "dropRank": [ 4 ],
    "isBoss": true
  },
  {
    "name": "Thomas 迷離軍團 - 116風暴迷離",
    "hp": 700,
    "atk": 38,
    "def": 12,
    "element": 3,
    "itemDropRate": 0.5,
    "stage": 3,
    "dropRank": [ 4 ],
    "isBoss": true
  },
  {
    "name": "Thomas 迷離軍團 - 116堅硬迷離",
    "hp": 700,
    "atk": 33,
    "def": 17,
    "element": 4,
    "itemDropRate": 0.5,
    "stage": 3,
    "dropRank": [ 4 ],
    "isBoss": true
  },
  {
    "name": "Thomas 複製人軍隊將軍 - Number C 59",
    "hp": 700,
    "atk": 42,
    "def": 8,
    "element": 0,
    "itemDropRate": 0.5,
    "stage": 3,
    "dropRank": [ 4 ],
    "isBoss": true
  },
  {
    "name": "Thomas 複製人軍隊將軍 - Number C 116",
    "hp": 700,
    "atk": 38,
    "def": 12,
    "element": 1,
    "itemDropRate": 0.5,
    "stage": 3,
    "dropRank": [ 4 ],
    "isBoss": true
  },
  {
    "name": "天氣精靈-微風",
    "hp": 60,
    "atk": 35,
    "def": 5,
    "element": 3,
    "itemDropRate": 0.2,
    "stage": 4,
    "dropRank": [ 4 ]
  },
  {
    "name": "天氣精靈-晴天",
    "hp": 60,
    "atk": 40,
    "def": 0,
    "element": 2,
    "itemDropRate": 0.2,
    "stage": 4,
    "dropRank": [ 4 ]
  },
  {
    "name": "天氣精靈-閃電",
    "hp": 60,
    "atk": 30,
    "def": 10,
    "element": 4,
    "itemDropRate": 0.2,
    "stage": 4,
    "dropRank": [ 4 ]
  },
  {
    "name": "天氣精靈-細雨",
    "hp": 85,
    "atk": 35,
    "def": 5,
    "element": 5,
    "itemDropRate": 0.2,
    "stage": 4,
    "dropRank": [ 4 ]
  },
  {
    "name": "天氣精靈-暴風",
    "hp": 60,
    "atk": 40,
    "def": 10,
    "element": 3,
    "itemDropRate": 0.2,
    "stage": 4,
    "dropRank": [ 4 ]
  },
  {
    "name": "天氣精靈-旱災",
    "hp": 60,
    "atk": 45,
    "def": 5,
    "element": 2,
    "itemDropRate": 0.2,
    "stage": 4,
    "dropRank": [ 4 ]
  },
  {
    "name": "天氣精靈-雷擊",
    "hp": 60,
    "atk": 35,
    "def": 15,
    "element": 4,
    "itemDropRate": 0.2,
    "stage": 4,
    "dropRank": [ 4 ]
  },
  {
    "name": "天氣精靈-暴雨",
    "hp": 85,
    "atk": 40,
    "def": 10,
    "element": 5,
    "itemDropRate": 0.2,
    "stage": 4,
    "dropRank": [ 4 ]
  },
  {
    "name": "天氣精靈-混沌",
    "hp": 900,
    "atk": 55,
    "def": 15,
    "element": 1,
    "itemDropRate": 0.4,
    "stage": 4,
    "dropRank": [ 5 ],
    "isBoss": true
  },
  {
    "name": "天氣精靈-彩虹",
    "hp": 900,
    "atk": 55,
    "def": 15,
    "element": 0,
    "itemDropRate": 0.4,
    "stage": 4,
    "dropRank": [ 5 ],
    "isBoss": true
  },
  {
    "name": "天氣精靈-天災",
    "hp": 900,
    "atk": 70,
    "def": 10,
    "element": 6,
    "itemDropRate": 1,
    "stage": 4,
    "dropRank": [ 5 ],
    "isBoss": true
  },
  {
    "name": "絕望都市-吹牛同事",
    "hp": 70,
    "atk": 30,
    "def": 15,
    "element": 3,
    "itemDropRate": 0.2,
    "stage": 5,
    "dropRank": [ 5 ]
  },
  {
    "name": "絕望都市-火爆鄰居",
    "hp": 70,
    "atk": 35,
    "def": 10,
    "element": 2,
    "itemDropRate": 0.2,
    "stage": 5,
    "dropRank": [ 5 ]
  },
  {
    "name": "絕望都市-孤寒老闆",
    "hp": 70,
    "atk": 30,
    "def": 15,
    "element": 4,
    "itemDropRate": 0.2,
    "stage": 5,
    "dropRank": [ 5 ]
  },
  {
    "name": "絕望都市-水軍部隊",
    "hp": 95,
    "atk": 30,
    "def": 15,
    "element": 5,
    "itemDropRate": 0.2,
    "stage": 5,
    "dropRank": [ 5 ]
  },
  {
    "name": "絕望都市-迅速扒手",
    "hp": 70,
    "atk": 40,
    "def": 10,
    "element": 3,
    "itemDropRate": 0.2,
    "stage": 5,
    "dropRank": [ 5 ]
  },
  {
    "name": "絕望都市-放火黑道",
    "hp": 70,
    "atk": 45,
    "def": 5,
    "element": 2,
    "itemDropRate": 0.2,
    "stage": 5,
    "dropRank": [ 5 ]
  },
  {
    "name": "絕望都市-恐龍肥仔",
    "hp": 70,
    "atk": 35,
    "def": 15,
    "element": 4,
    "itemDropRate": 0.2,
    "stage": 5,
    "dropRank": [ 5 ]
  },
  {
    "name": "絕望都市-瘋狂口水",
    "hp": 95,
    "atk": 40,
    "def": 10,
    "element": 5,
    "itemDropRate": 0.2,
    "stage": 5,
    "dropRank": [ 5 ]
  },
  {
    "name": "呼吸困難-火之窒息",
    "hp": 1000,
    "atk": 80,
    "def": 10,
    "element": 2,
    "itemDropRate": 1,
    "stage": 5,
    "dropRank": [ 6 ],
    "isBoss": true
  },
  {
    "name": "呼吸困難-風之窒息",
    "hp": 1000,
    "atk": 75,
    "def": 15,
    "element": 3,
    "itemDropRate": 1,
    "stage": 5,
    "dropRank": [ 6 ],
    "isBoss": true
  },
  {
    "name": "呼吸困難-地之窒息",
    "hp": 1000,
    "atk": 70,
    "def": 20,
    "element": 4,
    "itemDropRate": 1,
    "stage": 5,
    "dropRank": [ 6 ],
    "isBoss": true
  },
  {
    "name": "呼吸困難-水之窒息",
    "hp": 1200,
    "atk": 70,
    "def": 15,
    "element": 5,
    "itemDropRate": 1,
    "stage": 5,
    "dropRank": [ 6 ],
    "isBoss": true
  },
  {
    "name": "呼吸困難-快叫白車",
    "hp": 1000,
    "atk": 100,
    "def": 10,
    "element": 0,
    "itemDropRate": 1,
    "stage": 6,
    "dropRank": [ 6 ],
    "isBoss": true
  },
  {
    "name": "呼吸困難-快叫黑車",
    "hp": 1000,
    "atk": 100,
    "def": 10,
    "element": 1,
    "itemDropRate": 1,
    "stage": 6,
    "dropRank": [ 6 ],
    "isBoss": true
  },
  {
    "name": "呼吸困難-送入醫院",
    "hp": 1000,
    "atk": 100,
    "def": 10,
    "element": 5,
    "itemDropRate": 1,
    "stage": 6,
    "dropRank": [ 6 ],
    "isBoss": true
  }
]